{"_wandb":{"runtime":1564},"_timestamp":1.732098703941875e+09,"_runtime":1559.8662684,"_step":363,"batch_loss":1.4602783918380737,"batch":363}