{"_step":558,"_wandb":{"runtime":2406},"batch_loss":0.9939797520637512,"batch":558,"_timestamp":1.7321051968223178e+09,"_runtime":2399.2588945}